CODICE REGIONE,REGIONE,CODICE ATECO,SETTORE DI LAVORO,TIPO DI CONTRATTO,SESSO,2012,2013,2015,2016,2017
IT,Italia,58,ATTIVITÀ EDITORIALI,Numero dipendenti delle imprese attive (valori medi annui),Maschi,17022.15,16414.6,14739.22,15058.19,14410.02
IT,Italia,58,ATTIVITÀ EDITORIALI,Numero dipendenti delle imprese attive (valori medi annui),Femmine,16812.27,16515.65,15163.08,15524.6,15024.7
IT,Italia,68,ATTIVITÀ IMMOBILIARI,Numero dipendenti delle imprese attive (valori medi annui),Maschi,23674.93,20398.47,21891.43,24571.39,25920.78
IT,Italia,68,ATTIVITÀ IMMOBILIARI,Numero dipendenti delle imprese attive (valori medi annui),Femmine,35624.68,33035.09,33678.61,36886.0,38700.62
IT,Italia,69,ATTIVITÀ LEGALI E CONTABILITÀ,Numero dipendenti delle imprese attive (valori medi annui),Maschi,26564.29,26330.43,26597.19,28461.23,28970.66
IT,Italia,69,ATTIVITÀ LEGALI E CONTABILITÀ,Numero dipendenti delle imprese attive (valori medi annui),Femmine,151396.16,150076.82,147136.94,150875.35,150797.19
IT,Italia,72,RICERCA SCIENTIFICA E SVILUPPO,Numero dipendenti delle imprese attive (valori medi annui),Maschi,8411.88,8489.85,10294.22,12561.64,13646.91
IT,Italia,72,RICERCA SCIENTIFICA E SVILUPPO,Numero dipendenti delle imprese attive (valori medi annui),Femmine,6473.48,6360.11,7163.17,8353.36,9247.35
IT,Italia,85,ISTRUZIONE,Numero dipendenti delle imprese attive (valori medi annui),Maschi,13239.74,14319.75,16107.4,18240.23,19633.84
IT,Italia,85,ISTRUZIONE,Numero dipendenti delle imprese attive (valori medi annui),Femmine,45610.82,47744.3,48182.62,52911.56,55232.03
IT,Italia,B,ESTRAZIONE DI MINERALI DA CAVE E MINIERE,Numero dipendenti delle imprese attive (valori medi annui),Maschi,25703.08,25457.96,24625.7,24210.19,23425.73
IT,Italia,B,ESTRAZIONE DI MINERALI DA CAVE E MINIERE,Numero dipendenti delle imprese attive (valori medi annui),Femmine,4738.7,5238.67,5424.38,5404.55,5121.86
IT,Italia,L,ATTIVITÀ IMMOBILIARI,Numero dipendenti delle imprese attive (valori medi annui),Maschi,23674.93,20398.47,21891.43,24571.39,25920.78
IT,Italia,L,ATTIVITÀ IMMOBILIARI,Numero dipendenti delle imprese attive (valori medi annui),Femmine,35624.68,33035.09,33678.61,36886.0,38700.62
IT,Italia,P,ISTRUZIONE,Numero dipendenti delle imprese attive (valori medi annui),Maschi,13239.74,14319.75,16107.4,18240.23,19633.84
IT,Italia,P,ISTRUZIONE,Numero dipendenti delle imprese attive (valori medi annui),Femmine,45610.82,47744.3,48182.62,52911.56,55232.03
IT,Italia,Q,SANITÀ E ASSISTENZA SOCIALE,Numero dipendenti delle imprese attive (valori medi annui),Maschi,96972.12,100195.03,110065.36,120992.1,130114.1
IT,Italia,Q,SANITÀ E ASSISTENZA SOCIALE,Numero dipendenti delle imprese attive (valori medi annui),Femmine,395442.04,406158.34,429649.12,457815.46,477179.44
IT,Italia,58,ATTIVITÀ EDITORIALI,Numero lavoratori esterni delle imprese attive (valori medi annui),Maschi,2649.82,1788.91,1210.31,796.27,827.21
IT,Italia,58,ATTIVITÀ EDITORIALI,Numero lavoratori esterni delle imprese attive (valori medi annui),Femmine,2891.78,1798.09,1341.35,781.56,832.17
IT,Italia,68,ATTIVITÀ IMMOBILIARI,Numero lavoratori esterni delle imprese attive (valori medi annui),Maschi,7788.43,6477.56,5443.72,4893.45,4600.38
IT,Italia,68,ATTIVITÀ IMMOBILIARI,Numero lavoratori esterni delle imprese attive (valori medi annui),Femmine,5581.79,4153.86,3343.98,2721.39,2641.47
IT,Italia,69,ATTIVITÀ LEGALI E CONTABILITÀ,Numero lavoratori esterni delle imprese attive (valori medi annui),Maschi,2360.89,1779.4,1359.47,982.92,962.83
IT,Italia,69,ATTIVITÀ LEGALI E CONTABILITÀ,Numero lavoratori esterni delle imprese attive (valori medi annui),Femmine,3312.97,2151.65,1435.25,666.35,662.97
IT,Italia,72,RICERCA SCIENTIFICA E SVILUPPO,Numero lavoratori esterni delle imprese attive (valori medi annui),Maschi,2245.37,1961.08,1544.26,722.87,681.57
IT,Italia,72,RICERCA SCIENTIFICA E SVILUPPO,Numero lavoratori esterni delle imprese attive (valori medi annui),Femmine,1519.11,1311.71,968.45,355.82,330.63
IT,Italia,85,ISTRUZIONE,Numero lavoratori esterni delle imprese attive (valori medi annui),Maschi,7001.75,6067.16,4795.02,3408.57,3613.79
IT,Italia,85,ISTRUZIONE,Numero lavoratori esterni delle imprese attive (valori medi annui),Femmine,14024.12,11182.0,8222.52,5484.3,5905.23
IT,Italia,B,ESTRAZIONE DI MINERALI DA CAVE E MINIERE,Numero lavoratori esterni delle imprese attive (valori medi annui),Maschi,519.63,458.56,370.88,337.41,321.87
IT,Italia,B,ESTRAZIONE DI MINERALI DA CAVE E MINIERE,Numero lavoratori esterni delle imprese attive (valori medi annui),Femmine,121.82,113.68,81.56,73.05,68.85
IT,Italia,L,ATTIVITÀ IMMOBILIARI,Numero lavoratori esterni delle imprese attive (valori medi annui),Maschi,7788.43,6477.56,5443.72,4893.45,4600.38
IT,Italia,L,ATTIVITÀ IMMOBILIARI,Numero lavoratori esterni delle imprese attive (valori medi annui),Femmine,5581.79,4153.86,3343.98,2721.39,2641.47
IT,Italia,P,ISTRUZIONE,Numero lavoratori esterni delle imprese attive (valori medi annui),Maschi,7001.75,6067.16,4795.02,3408.57,3613.79
IT,Italia,P,ISTRUZIONE,Numero lavoratori esterni delle imprese attive (valori medi annui),Femmine,14024.12,11182.0,8222.52,5484.3,5905.23
IT,Italia,Q,SANITÀ E ASSISTENZA SOCIALE,Numero lavoratori esterni delle imprese attive (valori medi annui),Maschi,7326.89,6009.52,5233.65,3070.14,3165.24
IT,Italia,Q,SANITÀ E ASSISTENZA SOCIALE,Numero lavoratori esterni delle imprese attive (valori medi annui),Femmine,20419.27,14896.52,11894.6,5023.73,5547.13
IT,Italia,58,ATTIVITÀ EDITORIALI,Numero indipendenti delle imprese attive (valori medi annui),Maschi,3063.91,2741.99,2348.92,2384.56,2381.39
IT,Italia,58,ATTIVITÀ EDITORIALI,Numero indipendenti delle imprese attive (valori medi annui),Femmine,1357.17,1272.3,1137.59,1139.52,1160.62
IT,Italia,68,ATTIVITÀ IMMOBILIARI,Numero indipendenti delle imprese attive (valori medi annui),Maschi,151548.71,162702.13,158170.2,158328.37,153546.19
IT,Italia,68,ATTIVITÀ IMMOBILIARI,Numero indipendenti delle imprese attive (valori medi annui),Femmine,78127.85,82829.82,84694.35,84745.58,81582.46
IT,Italia,69,ATTIVITÀ LEGALI E CONTABILITÀ,Numero indipendenti delle imprese attive (valori medi annui),Maschi,191568.27,191215.58,192251.19,195679.25,196404.62
IT,Italia,69,ATTIVITÀ LEGALI E CONTABILITÀ,Numero indipendenti delle imprese attive (valori medi annui),Femmine,109771.5,108806.91,116478.67,121358.46,124204.06
IT,Italia,72,RICERCA SCIENTIFICA E SVILUPPO,Numero indipendenti delle imprese attive (valori medi annui),Maschi,5012.15,4005.62,3875.37,3918.69,3988.36
IT,Italia,72,RICERCA SCIENTIFICA E SVILUPPO,Numero indipendenti delle imprese attive (valori medi annui),Femmine,2840.82,2772.18,3353.1,3549.38,3842.81
IT,Italia,85,ISTRUZIONE,Numero indipendenti delle imprese attive (valori medi annui),Maschi,17745.55,18282.26,18673.72,19382.38,20378.66
IT,Italia,85,ISTRUZIONE,Numero indipendenti delle imprese attive (valori medi annui),Femmine,12564.58,12795.27,13664.11,13994.73,14936.52
IT,Italia,B,ESTRAZIONE DI MINERALI DA CAVE E MINIERE,Numero indipendenti delle imprese attive (valori medi annui),Maschi,1818.32,1766.74,1537.25,1479.88,1419.91
IT,Italia,B,ESTRAZIONE DI MINERALI DA CAVE E MINIERE,Numero indipendenti delle imprese attive (valori medi annui),Femmine,345.27,347.87,310.34,292.21,257.74
IT,Italia,L,ATTIVITÀ IMMOBILIARI,Numero indipendenti delle imprese attive (valori medi annui),Maschi,151548.71,162702.13,158170.2,158328.37,153546.19
IT,Italia,L,ATTIVITÀ IMMOBILIARI,Numero indipendenti delle imprese attive (valori medi annui),Femmine,78127.85,82829.82,84694.35,84745.58,81582.46
IT,Italia,P,ISTRUZIONE,Numero indipendenti delle imprese attive (valori medi annui),Maschi,17745.55,18282.26,18673.72,19382.38,20378.66
IT,Italia,P,ISTRUZIONE,Numero indipendenti delle imprese attive (valori medi annui),Femmine,12564.58,12795.27,13664.11,13994.73,14936.52
IT,Italia,Q,SANITÀ E ASSISTENZA SOCIALE,Numero indipendenti delle imprese attive (valori medi annui),Maschi,148987.03,150023.48,155347.2,156472.4,158642.38
IT,Italia,Q,SANITÀ E ASSISTENZA SOCIALE,Numero indipendenti delle imprese attive (valori medi annui),Femmine,113580.37,113586.1,129140.67,132588.29,138115.12
IT,Italia,58,ATTIVITÀ EDITORIALI,Numero lavoratori temporanei delle imprese attive (valori medi annui),Maschi,86.38,92.9,56.02,58.08,66.3
IT,Italia,58,ATTIVITÀ EDITORIALI,Numero lavoratori temporanei delle imprese attive (valori medi annui),Femmine,152.94,190.5,162.14,120.0,117.42
IT,Italia,68,ATTIVITÀ IMMOBILIARI,Numero lavoratori temporanei delle imprese attive (valori medi annui),Maschi,159.07,84.18,84.38,110.96,203.95
IT,Italia,68,ATTIVITÀ IMMOBILIARI,Numero lavoratori temporanei delle imprese attive (valori medi annui),Femmine,164.47,91.4,97.58,109.58,136.78
IT,Italia,69,ATTIVITÀ LEGALI E CONTABILITÀ,Numero lavoratori temporanei delle imprese attive (valori medi annui),Maschi,163.54,189.84,273.79,249.17,246.28
IT,Italia,69,ATTIVITÀ LEGALI E CONTABILITÀ,Numero lavoratori temporanei delle imprese attive (valori medi annui),Femmine,729.8,837.61,1300.5,1200.52,1239.96
IT,Italia,72,RICERCA SCIENTIFICA E SVILUPPO,Numero lavoratori temporanei delle imprese attive (valori medi annui),Maschi,107.81,87.54,133.12,149.86,194.6
IT,Italia,72,RICERCA SCIENTIFICA E SVILUPPO,Numero lavoratori temporanei delle imprese attive (valori medi annui),Femmine,48.02,55.62,76.96,82.57,96.83
IT,Italia,85,ISTRUZIONE,Numero lavoratori temporanei delle imprese attive (valori medi annui),Maschi,54.78,65.21,113.23,119.25,123.31
IT,Italia,85,ISTRUZIONE,Numero lavoratori temporanei delle imprese attive (valori medi annui),Femmine,114.75,140.29,192.19,194.71,218.01
IT,Italia,B,ESTRAZIONE DI MINERALI DA CAVE E MINIERE,Numero lavoratori temporanei delle imprese attive (valori medi annui),Maschi,87.85,90.79,142.59,122.21,135.45
IT,Italia,B,ESTRAZIONE DI MINERALI DA CAVE E MINIERE,Numero lavoratori temporanei delle imprese attive (valori medi annui),Femmine,66.02,46.9,27.04,25.37,20.85
IT,Italia,L,ATTIVITÀ IMMOBILIARI,Numero lavoratori temporanei delle imprese attive (valori medi annui),Maschi,159.07,84.18,84.38,110.96,203.95
IT,Italia,L,ATTIVITÀ IMMOBILIARI,Numero lavoratori temporanei delle imprese attive (valori medi annui),Femmine,164.47,91.4,97.58,109.58,136.78
IT,Italia,P,ISTRUZIONE,Numero lavoratori temporanei delle imprese attive (valori medi annui),Maschi,54.78,65.21,113.23,119.25,123.31
IT,Italia,P,ISTRUZIONE,Numero lavoratori temporanei delle imprese attive (valori medi annui),Femmine,114.75,140.29,192.19,194.71,218.01
IT,Italia,Q,SANITÀ E ASSISTENZA SOCIALE,Numero lavoratori temporanei delle imprese attive (valori medi annui),Maschi,567.48,694.87,1220.67,1300.43,1805.27
IT,Italia,Q,SANITÀ E ASSISTENZA SOCIALE,Numero lavoratori temporanei delle imprese attive (valori medi annui),Femmine,1859.41,2401.6,2762.54,3349.98,3970.37
ITC,Nord-ovest,58,ATTIVITÀ EDITORIALI,Numero dipendenti delle imprese attive (valori medi annui),Maschi,8255.62,8446.9,7679.27,8585.61,8183.08
ITC,Nord-ovest,58,ATTIVITÀ EDITORIALI,Numero dipendenti delle imprese attive (valori medi annui),Femmine,9577.17,9773.99,9070.65,9590.54,9258.99
ITC,Nord-ovest,68,ATTIVITÀ IMMOBILIARI,Numero dipendenti delle imprese attive (valori medi annui),Maschi,7695.72,6790.18,7174.51,7653.35,7974.66
ITC,Nord-ovest,68,ATTIVITÀ IMMOBILIARI,Numero dipendenti delle imprese attive (valori medi annui),Femmine,13974.6,12912.94,12822.99,13561.45,14170.15
ITC,Nord-ovest,69,ATTIVITÀ LEGALI E CONTABILITÀ,Numero dipendenti delle imprese attive (valori medi annui),Maschi,9468.22,9599.15,8949.35,9375.95,9659.77
ITC,Nord-ovest,69,ATTIVITÀ LEGALI E CONTABILITÀ,Numero dipendenti delle imprese attive (valori medi annui),Femmine,57106.2,56776.05,55039.85,55837.11,55931.96
ITC,Nord-ovest,72,RICERCA SCIENTIFICA E SVILUPPO,Numero dipendenti delle imprese attive (valori medi annui),Maschi,3562.0,3356.39,4923.71,5210.11,6051.81
ITC,Nord-ovest,72,RICERCA SCIENTIFICA E SVILUPPO,Numero dipendenti delle imprese attive (valori medi annui),Femmine,2905.15,2908.26,3630.16,4087.06,4381.84
ITC,Nord-ovest,85,ISTRUZIONE,Numero dipendenti delle imprese attive (valori medi annui),Maschi,3568.29,3929.06,4338.39,5104.15,5341.41
ITC,Nord-ovest,85,ISTRUZIONE,Numero dipendenti delle imprese attive (valori medi annui),Femmine,11794.9,12550.18,12630.97,14271.63,14838.96
ITC,Nord-ovest,B,ESTRAZIONE DI MINERALI DA CAVE E MINIERE,Numero dipendenti delle imprese attive (valori medi annui),Maschi,3403.76,3234.74,3235.02,3124.65,3096.2
ITC,Nord-ovest,B,ESTRAZIONE DI MINERALI DA CAVE E MINIERE,Numero dipendenti delle imprese attive (valori medi annui),Femmine,450.82,443.02,450.32,456.14,457.16
ITC,Nord-ovest,L,ATTIVITÀ IMMOBILIARI,Numero dipendenti delle imprese attive (valori medi annui),Maschi,7695.72,6790.18,7174.51,7653.35,7974.66
ITC,Nord-ovest,L,ATTIVITÀ IMMOBILIARI,Numero dipendenti delle imprese attive (valori medi annui),Femmine,13974.6,12912.94,12822.99,13561.45,14170.15
ITC,Nord-ovest,P,ISTRUZIONE,Numero dipendenti delle imprese attive (valori medi annui),Maschi,3568.29,3929.06,4338.39,5104.15,5341.41
ITC,Nord-ovest,P,ISTRUZIONE,Numero dipendenti delle imprese attive (valori medi annui),Femmine,11794.9,12550.18,12630.97,14271.63,14838.96
ITC,Nord-ovest,Q,SANITÀ E ASSISTENZA SOCIALE,Numero dipendenti delle imprese attive (valori medi annui),Maschi,24153.91,25615.91,28756.24,32406.74,35873.91
ITC,Nord-ovest,Q,SANITÀ E ASSISTENZA SOCIALE,Numero dipendenti delle imprese attive (valori medi annui),Femmine,124610.07,128195.76,136210.63,146272.25,154648.72
ITC,Nord-ovest,58,ATTIVITÀ EDITORIALI,Numero lavoratori esterni delle imprese attive (valori medi annui),Maschi,1225.71,828.64,584.79,388.53,389.99
ITC,Nord-ovest,58,ATTIVITÀ EDITORIALI,Numero lavoratori esterni delle imprese attive (valori medi annui),Femmine,1611.88,978.32,706.37,394.59,410.46
ITC,Nord-ovest,68,ATTIVITÀ IMMOBILIARI,Numero lavoratori esterni delle imprese attive (valori medi annui),Maschi,2971.15,2542.24,2196.74,1998.16,1879.79
ITC,Nord-ovest,68,ATTIVITÀ IMMOBILIARI,Numero lavoratori esterni delle imprese attive (valori medi annui),Femmine,2015.6,1610.64,1426.57,1134.91,1096.01
ITC,Nord-ovest,69,ATTIVITÀ LEGALI E CONTABILITÀ,Numero lavoratori esterni delle imprese attive (valori medi annui),Maschi,732.2,583.53,450.26,293.33,278.44
ITC,Nord-ovest,69,ATTIVITÀ LEGALI E CONTABILITÀ,Numero lavoratori esterni delle imprese attive (valori medi annui),Femmine,1106.61,758.38,541.95,244.36,234.89
ITC,Nord-ovest,72,RICERCA SCIENTIFICA E SVILUPPO,Numero lavoratori esterni delle imprese attive (valori medi annui),Maschi,537.6,421.51,327.82,201.02,214.01
ITC,Nord-ovest,72,RICERCA SCIENTIFICA E SVILUPPO,Numero lavoratori esterni delle imprese attive (valori medi annui),Femmine,384.92,288.22,198.74,76.2,85.42
ITC,Nord-ovest,85,ISTRUZIONE,Numero lavoratori esterni delle imprese attive (valori medi annui),Maschi,2239.37,1970.99,1675.19,1178.14,1271.15
ITC,Nord-ovest,85,ISTRUZIONE,Numero lavoratori esterni delle imprese attive (valori medi annui),Femmine,4126.61,3314.17,2575.88,1629.73,1773.08
ITC,Nord-ovest,B,ESTRAZIONE DI MINERALI DA CAVE E MINIERE,Numero lavoratori esterni delle imprese attive (valori medi annui),Maschi,114.46,121.84,104.26,94.13,90.5
ITC,Nord-ovest,B,ESTRAZIONE DI MINERALI DA CAVE E MINIERE,Numero lavoratori esterni delle imprese attive (valori medi annui),Femmine,13.59,16.0,16.2,13.84,15.75
ITC,Nord-ovest,L,ATTIVITÀ IMMOBILIARI,Numero lavoratori esterni delle imprese attive (valori medi annui),Maschi,2971.15,2542.24,2196.74,1998.16,1879.79
ITC,Nord-ovest,L,ATTIVITÀ IMMOBILIARI,Numero lavoratori esterni delle imprese attive (valori medi annui),Femmine,2015.6,1610.64,1426.57,1134.91,1096.01
ITC,Nord-ovest,P,ISTRUZIONE,Numero lavoratori esterni delle imprese attive (valori medi annui),Maschi,2239.37,1970.99,1675.19,1178.14,1271.15
ITC,Nord-ovest,P,ISTRUZIONE,Numero lavoratori esterni delle imprese attive (valori medi annui),Femmine,4126.61,3314.17,2575.88,1629.73,1773.08
ITC,Nord-ovest,Q,SANITÀ E ASSISTENZA SOCIALE,Numero lavoratori esterni delle imprese attive (valori medi annui),Maschi,1966.82,1647.7,1461.8,960.01,1047.62
ITC,Nord-ovest,Q,SANITÀ E ASSISTENZA SOCIALE,Numero lavoratori esterni delle imprese attive (valori medi annui),Femmine,5471.58,4130.35,3153.47,1542.98,1816.16
ITC,Nord-ovest,58,ATTIVITÀ EDITORIALI,Numero indipendenti delle imprese attive (valori medi annui),Maschi,1144.25,974.24,866.12,876.01,853.75
ITC,Nord-ovest,58,ATTIVITÀ EDITORIALI,Numero indipendenti delle imprese attive (valori medi annui),Femmine,536.37,482.86,449.01,448.46,452.22
ITC,Nord-ovest,68,ATTIVITÀ IMMOBILIARI,Numero indipendenti delle imprese attive (valori medi annui),Maschi,55755.48,59162.96,57184.58,57048.13,54558.4
ITC,Nord-ovest,68,ATTIVITÀ IMMOBILIARI,Numero indipendenti delle imprese attive (valori medi annui),Femmine,29102.17,30693.93,31383.34,31156.24,29291.9
ITC,Nord-ovest,69,ATTIVITÀ LEGALI E CONTABILITÀ,Numero indipendenti delle imprese attive (valori medi annui),Maschi,47712.66,47567.78,47705.74,48410.17,48628.74
ITC,Nord-ovest,69,ATTIVITÀ LEGALI E CONTABILITÀ,Numero indipendenti delle imprese attive (valori medi annui),Femmine,31358.68,31046.08,33149.65,34424.68,35111.67
ITC,Nord-ovest,72,RICERCA SCIENTIFICA E SVILUPPO,Numero indipendenti delle imprese attive (valori medi annui),Maschi,1403.18,1178.06,1175.65,1195.29,1222.62
ITC,Nord-ovest,72,RICERCA SCIENTIFICA E SVILUPPO,Numero indipendenti delle imprese attive (valori medi annui),Femmine,856.49,850.99,988.69,1025.31,1101.87
ITC,Nord-ovest,85,ISTRUZIONE,Numero indipendenti delle imprese attive (valori medi annui),Maschi,5837.29,5939.79,6083.07,6369.13,6724.02
ITC,Nord-ovest,85,ISTRUZIONE,Numero indipendenti delle imprese attive (valori medi annui),Femmine,4451.56,4444.46,4900.45,5076.8,5381.73
ITC,Nord-ovest,B,ESTRAZIONE DI MINERALI DA CAVE E MINIERE,Numero indipendenti delle imprese attive (valori medi annui),Maschi,423.25,409.81,372.86,348.34,339.19
ITC,Nord-ovest,B,ESTRAZIONE DI MINERALI DA CAVE E MINIERE,Numero indipendenti delle imprese attive (valori medi annui),Femmine,93.71,89.0,79.42,81.08,72.08
ITC,Nord-ovest,L,ATTIVITÀ IMMOBILIARI,Numero indipendenti delle imprese attive (valori medi annui),Maschi,55755.48,59162.96,57184.58,57048.13,54558.4
ITC,Nord-ovest,L,ATTIVITÀ IMMOBILIARI,Numero indipendenti delle imprese attive (valori medi annui),Femmine,29102.17,30693.93,31383.34,31156.24,29291.9
ITC,Nord-ovest,P,ISTRUZIONE,Numero indipendenti delle imprese attive (valori medi annui),Maschi,5837.29,5939.79,6083.07,6369.13,6724.02
ITC,Nord-ovest,P,ISTRUZIONE,Numero indipendenti delle imprese attive (valori medi annui),Femmine,4451.56,4444.46,4900.45,5076.8,5381.73
ITC,Nord-ovest,Q,SANITÀ E ASSISTENZA SOCIALE,Numero indipendenti delle imprese attive (valori medi annui),Maschi,42184.71,42091.1,43430.7,43710.56,44165.62
ITC,Nord-ovest,Q,SANITÀ E ASSISTENZA SOCIALE,Numero indipendenti delle imprese attive (valori medi annui),Femmine,37200.66,37250.05,41904.46,42747.35,44399.05
ITC,Nord-ovest,58,ATTIVITÀ EDITORIALI,Numero lavoratori temporanei delle imprese attive (valori medi annui),Maschi,54.3,62.67,41.19,38.64,37.81
ITC,Nord-ovest,58,ATTIVITÀ EDITORIALI,Numero lavoratori temporanei delle imprese attive (valori medi annui),Femmine,134.84,173.57,147.08,106.64,92.4
ITC,Nord-ovest,68,ATTIVITÀ IMMOBILIARI,Numero lavoratori temporanei delle imprese attive (valori medi annui),Maschi,65.03,33.72,23.74,42.78,71.41
ITC,Nord-ovest,68,ATTIVITÀ IMMOBILIARI,Numero lavoratori temporanei delle imprese attive (valori medi annui),Femmine,53.92,43.6,34.64,41.21,56.63
ITC,Nord-ovest,69,ATTIVITÀ LEGALI E CONTABILITÀ,Numero lavoratori temporanei delle imprese attive (valori medi annui),Maschi,67.74,73.8,120.87,114.5,102.55
ITC,Nord-ovest,69,ATTIVITÀ LEGALI E CONTABILITÀ,Numero lavoratori temporanei delle imprese attive (valori medi annui),Femmine,241.0,314.41,515.17,476.2,473.36
ITC,Nord-ovest,72,RICERCA SCIENTIFICA E SVILUPPO,Numero lavoratori temporanei delle imprese attive (valori medi annui),Maschi,33.56,38.0,63.61,73.98,80.34
ITC,Nord-ovest,72,RICERCA SCIENTIFICA E SVILUPPO,Numero lavoratori temporanei delle imprese attive (valori medi annui),Femmine,17.0,17.12,29.47,32.16,34.48
ITC,Nord-ovest,85,ISTRUZIONE,Numero lavoratori temporanei delle imprese attive (valori medi annui),Maschi,27.88,24.22,55.31,66.58,63.22
ITC,Nord-ovest,85,ISTRUZIONE,Numero lavoratori temporanei delle imprese attive (valori medi annui),Femmine,59.09,53.02,86.15,95.56,101.77
ITC,Nord-ovest,B,ESTRAZIONE DI MINERALI DA CAVE E MINIERE,Numero lavoratori temporanei delle imprese attive (valori medi annui),Maschi,8.15,46.76,54.72,22.35,27.97
ITC,Nord-ovest,B,ESTRAZIONE DI MINERALI DA CAVE E MINIERE,Numero lavoratori temporanei delle imprese attive (valori medi annui),Femmine,2.96,5.84,4.13,3.32,3.14
ITC,Nord-ovest,L,ATTIVITÀ IMMOBILIARI,Numero lavoratori temporanei delle imprese attive (valori medi annui),Maschi,65.03,33.72,23.74,42.78,71.41
ITC,Nord-ovest,L,ATTIVITÀ IMMOBILIARI,Numero lavoratori temporanei delle imprese attive (valori medi annui),Femmine,53.92,43.6,34.64,41.21,56.63
ITC,Nord-ovest,P,ISTRUZIONE,Numero lavoratori temporanei delle imprese attive (valori medi annui),Maschi,27.88,24.22,55.31,66.58,63.22
ITC,Nord-ovest,P,ISTRUZIONE,Numero lavoratori temporanei delle imprese attive (valori medi annui),Femmine,59.09,53.02,86.15,95.56,101.77
ITC,Nord-ovest,Q,SANITÀ E ASSISTENZA SOCIALE,Numero lavoratori temporanei delle imprese attive (valori medi annui),Maschi,191.78,244.29,313.26,333.4,413.58
ITC,Nord-ovest,Q,SANITÀ E ASSISTENZA SOCIALE,Numero lavoratori temporanei delle imprese attive (valori medi annui),Femmine,655.62,711.32,700.77,769.76,1014.52
ITD,Nord-est,58,ATTIVITÀ EDITORIALI,Numero dipendenti delle imprese attive (valori medi annui),Maschi,2964.59,2489.97,2331.03,2369.05,2319.88
ITD,Nord-est,58,ATTIVITÀ EDITORIALI,Numero dipendenti delle imprese attive (valori medi annui),Femmine,2806.15,2470.77,2310.62,2396.27,2388.16
ITD,Nord-est,68,ATTIVITÀ IMMOBILIARI,Numero dipendenti delle imprese attive (valori medi annui),Maschi,4713.75,4162.03,3909.62,4100.64,4307.08
ITD,Nord-est,68,ATTIVITÀ IMMOBILIARI,Numero dipendenti delle imprese attive (valori medi annui),Femmine,8655.26,7852.74,7311.1,7633.05,8246.63
ITD,Nord-est,69,ATTIVITÀ LEGALI E CONTABILITÀ,Numero dipendenti delle imprese attive (valori medi annui),Maschi,4954.44,4964.6,5088.42,5202.37,5357.55
ITD,Nord-est,69,ATTIVITÀ LEGALI E CONTABILITÀ,Numero dipendenti delle imprese attive (valori medi annui),Femmine,39131.1,38773.04,38101.24,38435.21,38592.59
ITD,Nord-est,72,RICERCA SCIENTIFICA E SVILUPPO,Numero dipendenti delle imprese attive (valori medi annui),Maschi,1991.17,1908.04,2011.84,2426.33,2957.5
ITD,Nord-est,72,RICERCA SCIENTIFICA E SVILUPPO,Numero dipendenti delle imprese attive (valori medi annui),Femmine,1456.01,1417.84,1404.45,1599.49,2046.64
ITD,Nord-est,85,ISTRUZIONE,Numero dipendenti delle imprese attive (valori medi annui),Maschi,2452.96,2639.47,2927.41,3313.17,3654.33
ITD,Nord-est,85,ISTRUZIONE,Numero dipendenti delle imprese attive (valori medi annui),Femmine,7087.75,7332.87,7918.15,8802.52,9176.04
ITD,Nord-est,B,ESTRAZIONE DI MINERALI DA CAVE E MINIERE,Numero dipendenti delle imprese attive (valori medi annui),Maschi,2762.46,2653.7,2635.89,2510.51,2371.75
ITD,Nord-est,B,ESTRAZIONE DI MINERALI DA CAVE E MINIERE,Numero dipendenti delle imprese attive (valori medi annui),Femmine,329.87,327.17,363.47,334.58,318.23
ITD,Nord-est,L,ATTIVITÀ IMMOBILIARI,Numero dipendenti delle imprese attive (valori medi annui),Maschi,4713.75,4162.03,3909.62,4100.64,4307.08
ITD,Nord-est,L,ATTIVITÀ IMMOBILIARI,Numero dipendenti delle imprese attive (valori medi annui),Femmine,8655.26,7852.74,7311.1,7633.05,8246.63
ITD,Nord-est,P,ISTRUZIONE,Numero dipendenti delle imprese attive (valori medi annui),Maschi,2452.96,2639.47,2927.41,3313.17,3654.33
ITD,Nord-est,P,ISTRUZIONE,Numero dipendenti delle imprese attive (valori medi annui),Femmine,7087.75,7332.87,7918.15,8802.52,9176.04
ITD,Nord-est,Q,SANITÀ E ASSISTENZA SOCIALE,Numero dipendenti delle imprese attive (valori medi annui),Maschi,18361.82,18604.25,19815.05,21738.31,23241.74
ITD,Nord-est,Q,SANITÀ E ASSISTENZA SOCIALE,Numero dipendenti delle imprese attive (valori medi annui),Femmine,96109.45,97282.18,100180.23,105575.73,109166.28
ITD,Nord-est,58,ATTIVITÀ EDITORIALI,Numero lavoratori esterni delle imprese attive (valori medi annui),Maschi,465.87,310.02,248.79,158.3,194.69
ITD,Nord-est,58,ATTIVITÀ EDITORIALI,Numero lavoratori esterni delle imprese attive (valori medi annui),Femmine,354.72,231.58,199.67,109.14,147.69
ITD,Nord-est,68,ATTIVITÀ IMMOBILIARI,Numero lavoratori esterni delle imprese attive (valori medi annui),Maschi,1888.3,1692.53,1455.09,1275.06,1167.7
ITD,Nord-est,68,ATTIVITÀ IMMOBILIARI,Numero lavoratori esterni delle imprese attive (valori medi annui),Femmine,1152.99,933.04,824.53,679.88,642.24
ITD,Nord-est,69,ATTIVITÀ LEGALI E CONTABILITÀ,Numero lavoratori esterni delle imprese attive (valori medi annui),Maschi,566.19,469.2,367.08,292.87,286.65
ITD,Nord-est,69,ATTIVITÀ LEGALI E CONTABILITÀ,Numero lavoratori esterni delle imprese attive (valori medi annui),Femmine,622.57,436.36,339.24,164.66,163.96
ITD,Nord-est,72,RICERCA SCIENTIFICA E SVILUPPO,Numero lavoratori esterni delle imprese attive (valori medi annui),Maschi,542.3,481.23,327.27,178.29,181.27
ITD,Nord-est,72,RICERCA SCIENTIFICA E SVILUPPO,Numero lavoratori esterni delle imprese attive (valori medi annui),Femmine,335.21,276.5,167.71,65.02,69.11
ITD,Nord-est,85,ISTRUZIONE,Numero lavoratori esterni delle imprese attive (valori medi annui),Maschi,1413.02,1149.83,916.94,635.08,620.53
ITD,Nord-est,85,ISTRUZIONE,Numero lavoratori esterni delle imprese attive (valori medi annui),Femmine,2371.84,1710.96,1311.74,864.5,857.89
ITD,Nord-est,B,ESTRAZIONE DI MINERALI DA CAVE E MINIERE,Numero lavoratori esterni delle imprese attive (valori medi annui),Maschi,150.18,127.13,103.21,90.94,79.95
ITD,Nord-est,B,ESTRAZIONE DI MINERALI DA CAVE E MINIERE,Numero lavoratori esterni delle imprese attive (valori medi annui),Femmine,25.95,22.66,19.54,13.88,14.66
ITD,Nord-est,L,ATTIVITÀ IMMOBILIARI,Numero lavoratori esterni delle imprese attive (valori medi annui),Maschi,1888.3,1692.53,1455.09,1275.06,1167.7
ITD,Nord-est,L,ATTIVITÀ IMMOBILIARI,Numero lavoratori esterni delle imprese attive (valori medi annui),Femmine,1152.99,933.04,824.53,679.88,642.24
ITD,Nord-est,P,ISTRUZIONE,Numero lavoratori esterni delle imprese attive (valori medi annui),Maschi,1413.02,1149.83,916.94,635.08,620.53
ITD,Nord-est,P,ISTRUZIONE,Numero lavoratori esterni delle imprese attive (valori medi annui),Femmine,2371.84,1710.96,1311.74,864.5,857.89
ITD,Nord-est,Q,SANITÀ E ASSISTENZA SOCIALE,Numero lavoratori esterni delle imprese attive (valori medi annui),Maschi,1328.1,1113.58,973.18,639.05,662.22
ITD,Nord-est,Q,SANITÀ E ASSISTENZA SOCIALE,Numero lavoratori esterni delle imprese attive (valori medi annui),Femmine,4105.65,2800.25,2406.56,1374.36,1515.45
ITD,Nord-est,58,ATTIVITÀ EDITORIALI,Numero indipendenti delle imprese attive (valori medi annui),Maschi,633.65,551.36,490.48,492.92,485.33
ITD,Nord-est,58,ATTIVITÀ EDITORIALI,Numero indipendenti delle imprese attive (valori medi annui),Femmine,268.43,247.09,215.59,215.93,228.52
ITD,Nord-est,68,ATTIVITÀ IMMOBILIARI,Numero indipendenti delle imprese attive (valori medi annui),Maschi,48088.46,51807.46,50902.07,50541.76,48577.13
ITD,Nord-est,68,ATTIVITÀ IMMOBILIARI,Numero indipendenti delle imprese attive (valori medi annui),Femmine,24617.17,26106.66,26953.84,26778.06,25728.51
ITD,Nord-est,69,ATTIVITÀ LEGALI E CONTABILITÀ,Numero indipendenti delle imprese attive (valori medi annui),Maschi,31293.77,31154.8,31300.13,31638.95,31709.05
ITD,Nord-est,69,ATTIVITÀ LEGALI E CONTABILITÀ,Numero indipendenti delle imprese attive (valori medi annui),Femmine,20809.0,20688.17,22031.89,22770.8,23292.53
ITD,Nord-est,72,RICERCA SCIENTIFICA E SVILUPPO,Numero indipendenti delle imprese attive (valori medi annui),Maschi,1114.21,922.24,857.89,902.0,927.01
ITD,Nord-est,72,RICERCA SCIENTIFICA E SVILUPPO,Numero indipendenti delle imprese attive (valori medi annui),Femmine,530.6,497.16,623.06,643.73,712.82
ITD,Nord-est,85,ISTRUZIONE,Numero indipendenti delle imprese attive (valori medi annui),Maschi,5079.51,5257.17,5351.14,5704.18,5953.26
ITD,Nord-est,85,ISTRUZIONE,Numero indipendenti delle imprese attive (valori medi annui),Femmine,2645.78,2826.04,3195.88,3390.52,3677.17
ITD,Nord-est,B,ESTRAZIONE DI MINERALI DA CAVE E MINIERE,Numero indipendenti delle imprese attive (valori medi annui),Maschi,352.83,358.07,294.24,294.56,276.16
ITD,Nord-est,B,ESTRAZIONE DI MINERALI DA CAVE E MINIERE,Numero indipendenti delle imprese attive (valori medi annui),Femmine,69.81,67.84,61.5,51.0,38.0
ITD,Nord-est,L,ATTIVITÀ IMMOBILIARI,Numero indipendenti delle imprese attive (valori medi annui),Maschi,48088.46,51807.46,50902.07,50541.76,48577.13
ITD,Nord-est,L,ATTIVITÀ IMMOBILIARI,Numero indipendenti delle imprese attive (valori medi annui),Femmine,24617.17,26106.66,26953.84,26778.06,25728.51
ITD,Nord-est,P,ISTRUZIONE,Numero indipendenti delle imprese attive (valori medi annui),Maschi,5079.51,5257.17,5351.14,5704.18,5953.26
ITD,Nord-est,P,ISTRUZIONE,Numero indipendenti delle imprese attive (valori medi annui),Femmine,2645.78,2826.04,3195.88,3390.52,3677.17
ITD,Nord-est,Q,SANITÀ E ASSISTENZA SOCIALE,Numero indipendenti delle imprese attive (valori medi annui),Maschi,28434.22,28379.15,29035.97,29200.76,29466.05
ITD,Nord-est,Q,SANITÀ E ASSISTENZA SOCIALE,Numero indipendenti delle imprese attive (valori medi annui),Femmine,23009.58,22789.56,25833.93,26625.78,27404.3
ITD,Nord-est,58,ATTIVITÀ EDITORIALI,Numero lavoratori temporanei delle imprese attive (valori medi annui),Maschi,21.72,22.96,10.6,15.65,21.84
ITD,Nord-est,58,ATTIVITÀ EDITORIALI,Numero lavoratori temporanei delle imprese attive (valori medi annui),Femmine,9.13,9.03,10.14,9.19,12.98
ITD,Nord-est,68,ATTIVITÀ IMMOBILIARI,Numero lavoratori temporanei delle imprese attive (valori medi annui),Maschi,43.75,19.18,36.45,44.38,67.32
ITD,Nord-est,68,ATTIVITÀ IMMOBILIARI,Numero lavoratori temporanei delle imprese attive (valori medi annui),Femmine,49.5,22.38,42.1,44.92,56.1
ITD,Nord-est,69,ATTIVITÀ LEGALI E CONTABILITÀ,Numero lavoratori temporanei delle imprese attive (valori medi annui),Maschi,39.55,42.64,56.51,70.04,76.88
ITD,Nord-est,69,ATTIVITÀ LEGALI E CONTABILITÀ,Numero lavoratori temporanei delle imprese attive (valori medi annui),Femmine,254.3,282.5,426.49,460.77,493.18
ITD,Nord-est,72,RICERCA SCIENTIFICA E SVILUPPO,Numero lavoratori temporanei delle imprese attive (valori medi annui),Maschi,31.93,17.56,39.55,48.36,68.6
ITD,Nord-est,72,RICERCA SCIENTIFICA E SVILUPPO,Numero lavoratori temporanei delle imprese attive (valori medi annui),Femmine,10.79,11.4,11.22,10.75,19.83
ITD,Nord-est,85,ISTRUZIONE,Numero lavoratori temporanei delle imprese attive (valori medi annui),Maschi,6.69,11.48,21.78,24.49,26.66
ITD,Nord-est,85,ISTRUZIONE,Numero lavoratori temporanei delle imprese attive (valori medi annui),Femmine,19.21,24.31,30.67,30.56,47.24
ITD,Nord-est,B,ESTRAZIONE DI MINERALI DA CAVE E MINIERE,Numero lavoratori temporanei delle imprese attive (valori medi annui),Maschi,2.62,2.11,63.05,67.83,71.31
ITD,Nord-est,B,ESTRAZIONE DI MINERALI DA CAVE E MINIERE,Numero lavoratori temporanei delle imprese attive (valori medi annui),Femmine,1.21,0.93,3.29,2.96,3.87
ITD,Nord-est,L,ATTIVITÀ IMMOBILIARI,Numero lavoratori temporanei delle imprese attive (valori medi annui),Maschi,43.75,19.18,36.45,44.38,67.32
ITD,Nord-est,L,ATTIVITÀ IMMOBILIARI,Numero lavoratori temporanei delle imprese attive (valori medi annui),Femmine,49.5,22.38,42.1,44.92,56.1
ITD,Nord-est,P,ISTRUZIONE,Numero lavoratori temporanei delle imprese attive (valori medi annui),Maschi,6.69,11.48,21.78,24.49,26.66
ITD,Nord-est,P,ISTRUZIONE,Numero lavoratori temporanei delle imprese attive (valori medi annui),Femmine,19.21,24.31,30.67,30.56,47.24
ITD,Nord-est,Q,SANITÀ E ASSISTENZA SOCIALE,Numero lavoratori temporanei delle imprese attive (valori medi annui),Maschi,182.85,217.98,296.25,318.46,490.34
ITD,Nord-est,Q,SANITÀ E ASSISTENZA SOCIALE,Numero lavoratori temporanei delle imprese attive (valori medi annui),Femmine,656.1,914.57,821.3,993.72,1318.4
ITE,Centro,58,ATTIVITÀ EDITORIALI,Numero dipendenti delle imprese attive (valori medi annui),Maschi,3870.69,3818.55,3009.5,2347.51,2178.32
ITE,Centro,58,ATTIVITÀ EDITORIALI,Numero dipendenti delle imprese attive (valori medi annui),Femmine,3293.54,3256.34,2733.06,2469.64,2338.09
ITE,Centro,68,ATTIVITÀ IMMOBILIARI,Numero dipendenti delle imprese attive (valori medi annui),Maschi,6898.01,5596.73,6076.68,7358.24,7726.1
ITE,Centro,68,ATTIVITÀ IMMOBILIARI,Numero dipendenti delle imprese attive (valori medi annui),Femmine,8300.04,7898.9,8310.05,9718.66,10003.71
ITE,Centro,69,ATTIVITÀ LEGALI E CONTABILITÀ,Numero dipendenti delle imprese attive (valori medi annui),Maschi,5365.11,5186.75,5816.0,6523.21,6611.91
ITE,Centro,69,ATTIVITÀ LEGALI E CONTABILITÀ,Numero dipendenti delle imprese attive (valori medi annui),Femmine,32514.51,31953.7,31633.13,32774.02,32609.98
ITE,Centro,72,RICERCA SCIENTIFICA E SVILUPPO,Numero dipendenti delle imprese attive (valori medi annui),Maschi,1466.5,1956.51,2014.34,3470.46,3129.02
ITE,Centro,72,RICERCA SCIENTIFICA E SVILUPPO,Numero dipendenti delle imprese attive (valori medi annui),Femmine,1312.93,1293.32,1353.55,1760.33,1921.33
ITE,Centro,85,ISTRUZIONE,Numero dipendenti delle imprese attive (valori medi annui),Maschi,2598.5,2827.74,3661.88,3919.41,4152.03
ITE,Centro,85,ISTRUZIONE,Numero dipendenti delle imprese attive (valori medi annui),Femmine,9518.37,10293.8,10937.92,12116.63,12588.65
ITE,Centro,B,ESTRAZIONE DI MINERALI DA CAVE E MINIERE,Numero dipendenti delle imprese attive (valori medi annui),Maschi,12915.52,13308.64,13065.8,13270.77,12907.18
ITE,Centro,B,ESTRAZIONE DI MINERALI DA CAVE E MINIERE,Numero dipendenti delle imprese attive (valori medi annui),Femmine,3409.31,3873.19,4125.47,4174.61,3933.9
ITE,Centro,L,ATTIVITÀ IMMOBILIARI,Numero dipendenti delle imprese attive (valori medi annui),Maschi,6898.01,5596.73,6076.68,7358.24,7726.1
ITE,Centro,L,ATTIVITÀ IMMOBILIARI,Numero dipendenti delle imprese attive (valori medi annui),Femmine,8300.04,7898.9,8310.05,9718.66,10003.71
ITE,Centro,P,ISTRUZIONE,Numero dipendenti delle imprese attive (valori medi annui),Maschi,2598.5,2827.74,3661.88,3919.41,4152.03
ITE,Centro,P,ISTRUZIONE,Numero dipendenti delle imprese attive (valori medi annui),Femmine,9518.37,10293.8,10937.92,12116.63,12588.65
ITE,Centro,Q,SANITÀ E ASSISTENZA SOCIALE,Numero dipendenti delle imprese attive (valori medi annui),Maschi,18068.46,18778.35,21351.83,23375.13,24884.3
ITE,Centro,Q,SANITÀ E ASSISTENZA SOCIALE,Numero dipendenti delle imprese attive (valori medi annui),Femmine,77635.39,79326.97,85297.68,89720.09,92872.9
ITE,Centro,58,ATTIVITÀ EDITORIALI,Numero lavoratori esterni delle imprese attive (valori medi annui),Maschi,647.96,399.1,242.15,182.07,187.31
ITE,Centro,58,ATTIVITÀ EDITORIALI,Numero lavoratori esterni delle imprese attive (valori medi annui),Femmine,693.27,430.13,350.69,224.91,219.97
ITE,Centro,68,ATTIVITÀ IMMOBILIARI,Numero lavoratori esterni delle imprese attive (valori medi annui),Maschi,2238.78,1721.27,1360.29,1236.97,1189.32
ITE,Centro,68,ATTIVITÀ IMMOBILIARI,Numero lavoratori esterni delle imprese attive (valori medi annui),Femmine,1959.63,1324.88,856.36,711.97,716.45
ITE,Centro,69,ATTIVITÀ LEGALI E CONTABILITÀ,Numero lavoratori esterni delle imprese attive (valori medi annui),Maschi,741.26,502.58,359.16,272.61,282.16
ITE,Centro,69,ATTIVITÀ LEGALI E CONTABILITÀ,Numero lavoratori esterni delle imprese attive (valori medi annui),Femmine,1116.49,687.32,397.99,181.23,189.91
ITE,Centro,72,RICERCA SCIENTIFICA E SVILUPPO,Numero lavoratori esterni delle imprese attive (valori medi annui),Maschi,568.81,501.92,369.92,170.84,169.12
ITE,Centro,72,RICERCA SCIENTIFICA E SVILUPPO,Numero lavoratori esterni delle imprese attive (valori medi annui),Femmine,402.44,362.21,287.03,118.82,109.49
ITE,Centro,85,ISTRUZIONE,Numero lavoratori esterni delle imprese attive (valori medi annui),Maschi,2342.59,2055.56,1478.36,1159.33,1207.92
ITE,Centro,85,ISTRUZIONE,Numero lavoratori esterni delle imprese attive (valori medi annui),Femmine,5086.23,4328.05,2845.23,2207.07,2387.55
ITE,Centro,B,ESTRAZIONE DI MINERALI DA CAVE E MINIERE,Numero lavoratori esterni delle imprese attive (valori medi annui),Maschi,179.07,136.1,97.47,92.99,96.12
ITE,Centro,B,ESTRAZIONE DI MINERALI DA CAVE E MINIERE,Numero lavoratori esterni delle imprese attive (valori medi annui),Femmine,73.96,62.44,33.52,32.25,23.97
ITE,Centro,L,ATTIVITÀ IMMOBILIARI,Numero lavoratori esterni delle imprese attive (valori medi annui),Maschi,2238.78,1721.27,1360.29,1236.97,1189.32
ITE,Centro,L,ATTIVITÀ IMMOBILIARI,Numero lavoratori esterni delle imprese attive (valori medi annui),Femmine,1959.63,1324.88,856.36,711.97,716.45
ITE,Centro,P,ISTRUZIONE,Numero lavoratori esterni delle imprese attive (valori medi annui),Maschi,2342.59,2055.56,1478.36,1159.33,1207.92
ITE,Centro,P,ISTRUZIONE,Numero lavoratori esterni delle imprese attive (valori medi annui),Femmine,5086.23,4328.05,2845.23,2207.07,2387.55
ITE,Centro,Q,SANITÀ E ASSISTENZA SOCIALE,Numero lavoratori esterni delle imprese attive (valori medi annui),Maschi,2131.56,1717.28,1467.69,704.4,676.39
ITE,Centro,Q,SANITÀ E ASSISTENZA SOCIALE,Numero lavoratori esterni delle imprese attive (valori medi annui),Femmine,5479.11,4091.75,3273.25,1147.27,1232.71
ITE,Centro,58,ATTIVITÀ EDITORIALI,Numero indipendenti delle imprese attive (valori medi annui),Maschi,713.05,657.28,559.15,554.61,581.93
ITE,Centro,58,ATTIVITÀ EDITORIALI,Numero indipendenti delle imprese attive (valori medi annui),Femmine,324.37,316.44,276.98,280.08,290.86
ITE,Centro,68,ATTIVITÀ IMMOBILIARI,Numero indipendenti delle imprese attive (valori medi annui),Maschi,32404.32,35041.49,33671.7,33759.22,33181.65
ITE,Centro,68,ATTIVITÀ IMMOBILIARI,Numero indipendenti delle imprese attive (valori medi annui),Femmine,17643.9,18707.03,18791.47,18905.9,18515.33
ITE,Centro,69,ATTIVITÀ LEGALI E CONTABILITÀ,Numero indipendenti delle imprese attive (valori medi annui),Maschi,43671.33,43683.17,43802.67,44544.93,44684.85
ITE,Centro,69,ATTIVITÀ LEGALI E CONTABILITÀ,Numero indipendenti delle imprese attive (valori medi annui),Femmine,25978.92,25730.34,27521.81,28649.45,29292.8
ITE,Centro,72,RICERCA SCIENTIFICA E SVILUPPO,Numero indipendenti delle imprese attive (valori medi annui),Maschi,1404.52,1078.77,1030.34,1000.28,983.46
ITE,Centro,72,RICERCA SCIENTIFICA E SVILUPPO,Numero indipendenti delle imprese attive (valori medi annui),Femmine,800.26,786.07,926.69,1005.04,1074.66
ITE,Centro,85,ISTRUZIONE,Numero indipendenti delle imprese attive (valori medi annui),Maschi,2992.81,3140.68,3258.97,3346.11,3540.09
ITE,Centro,85,ISTRUZIONE,Numero indipendenti delle imprese attive (valori medi annui),Femmine,2565.69,2670.78,2730.5,2742.62,2939.61
ITE,Centro,B,ESTRAZIONE DI MINERALI DA CAVE E MINIERE,Numero indipendenti delle imprese attive (valori medi annui),Maschi,315.92,303.86,248.94,234.33,222.26
ITE,Centro,B,ESTRAZIONE DI MINERALI DA CAVE E MINIERE,Numero indipendenti delle imprese attive (valori medi annui),Femmine,69.0,72.26,65.82,64.58,57.09
ITE,Centro,L,ATTIVITÀ IMMOBILIARI,Numero indipendenti delle imprese attive (valori medi annui),Maschi,32404.32,35041.49,33671.7,33759.22,33181.65
ITE,Centro,L,ATTIVITÀ IMMOBILIARI,Numero indipendenti delle imprese attive (valori medi annui),Femmine,17643.9,18707.03,18791.47,18905.9,18515.33
ITE,Centro,P,ISTRUZIONE,Numero indipendenti delle imprese attive (valori medi annui),Maschi,2992.81,3140.68,3258.97,3346.11,3540.09
ITE,Centro,P,ISTRUZIONE,Numero indipendenti delle imprese attive (valori medi annui),Femmine,2565.69,2670.78,2730.5,2742.62,2939.61
ITE,Centro,Q,SANITÀ E ASSISTENZA SOCIALE,Numero indipendenti delle imprese attive (valori medi annui),Maschi,34116.56,34403.36,35611.14,35932.95,36590.59
ITE,Centro,Q,SANITÀ E ASSISTENZA SOCIALE,Numero indipendenti delle imprese attive (valori medi annui),Femmine,26961.98,27297.83,31124.37,32177.5,33694.47
ITE,Centro,58,ATTIVITÀ EDITORIALI,Numero lavoratori temporanei delle imprese attive (valori medi annui),Maschi,6.34,4.69,4.13,3.34,5.86
ITE,Centro,58,ATTIVITÀ EDITORIALI,Numero lavoratori temporanei delle imprese attive (valori medi annui),Femmine,8.97,7.67,4.8,4.05,11.94
ITE,Centro,68,ATTIVITÀ IMMOBILIARI,Numero lavoratori temporanei delle imprese attive (valori medi annui),Maschi,23.2,25.92,17.8,19.22,61.29
ITE,Centro,68,ATTIVITÀ IMMOBILIARI,Numero lavoratori temporanei delle imprese attive (valori medi annui),Femmine,26.52,16.09,12.96,19.93,21.37
ITE,Centro,69,ATTIVITÀ LEGALI E CONTABILITÀ,Numero lavoratori temporanei delle imprese attive (valori medi annui),Maschi,47.06,53.77,68.81,44.87,46.48
ITE,Centro,69,ATTIVITÀ LEGALI E CONTABILITÀ,Numero lavoratori temporanei delle imprese attive (valori medi annui),Femmine,205.05,186.08,288.05,205.7,214.73
ITE,Centro,72,RICERCA SCIENTIFICA E SVILUPPO,Numero lavoratori temporanei delle imprese attive (valori medi annui),Maschi,28.17,26.25,24.84,19.09,34.66
ITE,Centro,72,RICERCA SCIENTIFICA E SVILUPPO,Numero lavoratori temporanei delle imprese attive (valori medi annui),Femmine,15.2,21.28,33.39,34.41,37.07
ITE,Centro,85,ISTRUZIONE,Numero lavoratori temporanei delle imprese attive (valori medi annui),Maschi,16.55,21.34,20.88,19.71,25.96
ITE,Centro,85,ISTRUZIONE,Numero lavoratori temporanei delle imprese attive (valori medi annui),Femmine,28.98,42.98,42.45,39.43,49.78
ITE,Centro,B,ESTRAZIONE DI MINERALI DA CAVE E MINIERE,Numero lavoratori temporanei delle imprese attive (valori medi annui),Maschi,45.72,17.16,9.46,18.47,17.65
ITE,Centro,B,ESTRAZIONE DI MINERALI DA CAVE E MINIERE,Numero lavoratori temporanei delle imprese attive (valori medi annui),Femmine,54.94,37.2,18.62,17.09,12.96
ITE,Centro,L,ATTIVITÀ IMMOBILIARI,Numero lavoratori temporanei delle imprese attive (valori medi annui),Maschi,23.2,25.92,17.8,19.22,61.29
ITE,Centro,L,ATTIVITÀ IMMOBILIARI,Numero lavoratori temporanei delle imprese attive (valori medi annui),Femmine,26.52,16.09,12.96,19.93,21.37
ITE,Centro,P,ISTRUZIONE,Numero lavoratori temporanei delle imprese attive (valori medi annui),Maschi,16.55,21.34,20.88,19.71,25.96
ITE,Centro,P,ISTRUZIONE,Numero lavoratori temporanei delle imprese attive (valori medi annui),Femmine,28.98,42.98,42.45,39.43,49.78
ITE,Centro,Q,SANITÀ E ASSISTENZA SOCIALE,Numero lavoratori temporanei delle imprese attive (valori medi annui),Maschi,97.43,134.38,330.16,365.27,428.45
ITE,Centro,Q,SANITÀ E ASSISTENZA SOCIALE,Numero lavoratori temporanei delle imprese attive (valori medi annui),Femmine,281.65,486.74,886.5,998.83,1056.93
ITF,Sud,58,ATTIVITÀ EDITORIALI,Numero dipendenti delle imprese attive (valori medi annui),Maschi,1082.05,1049.81,1137.8,1158.46,1157.35
ITF,Sud,58,ATTIVITÀ EDITORIALI,Numero dipendenti delle imprese attive (valori medi annui),Femmine,747.42,718.81,730.85,746.17,733.3
ITF,Sud,68,ATTIVITÀ IMMOBILIARI,Numero dipendenti delle imprese attive (valori medi annui),Maschi,2917.84,2624.52,3402.54,3939.18,4227.08
ITF,Sud,68,ATTIVITÀ IMMOBILIARI,Numero dipendenti delle imprese attive (valori medi annui),Femmine,3078.09,2971.1,3856.07,4448.44,4604.48
ITF,Sud,69,ATTIVITÀ LEGALI E CONTABILITÀ,Numero dipendenti delle imprese attive (valori medi annui),Maschi,4550.16,4359.4,4500.9,4935.1,4931.96
ITF,Sud,69,ATTIVITÀ LEGALI E CONTABILITÀ,Numero dipendenti delle imprese attive (valori medi annui),Femmine,14543.36,14499.86,14426.34,15494.9,15465.36
ITF,Sud,72,RICERCA SCIENTIFICA E SVILUPPO,Numero dipendenti delle imprese attive (valori medi annui),Maschi,1245.01,1113.12,1183.64,1287.74,1305.53
ITF,Sud,72,RICERCA SCIENTIFICA E SVILUPPO,Numero dipendenti delle imprese attive (valori medi annui),Femmine,655.85,575.15,622.7,751.22,724.52
ITF,Sud,85,ISTRUZIONE,Numero dipendenti delle imprese attive (valori medi annui),Maschi,2987.89,3069.94,3400.17,3987.9,4390.75
ITF,Sud,85,ISTRUZIONE,Numero dipendenti delle imprese attive (valori medi annui),Femmine,11621.52,11703.79,11450.77,12228.65,12791.54
ITF,Sud,B,ESTRAZIONE DI MINERALI DA CAVE E MINIERE,Numero dipendenti delle imprese attive (valori medi annui),Maschi,3697.98,3399.5,3383.61,3021.81,2870.61
ITF,Sud,B,ESTRAZIONE DI MINERALI DA CAVE E MINIERE,Numero dipendenti delle imprese attive (valori medi annui),Femmine,339.65,390.65,316.73,267.36,243.58
ITF,Sud,L,ATTIVITÀ IMMOBILIARI,Numero dipendenti delle imprese attive (valori medi annui),Maschi,2917.84,2624.52,3402.54,3939.18,4227.08
ITF,Sud,L,ATTIVITÀ IMMOBILIARI,Numero dipendenti delle imprese attive (valori medi annui),Femmine,3078.09,2971.1,3856.07,4448.44,4604.48
ITF,Sud,P,ISTRUZIONE,Numero dipendenti delle imprese attive (valori medi annui),Maschi,2987.89,3069.94,3400.17,3987.9,4390.75
ITF,Sud,P,ISTRUZIONE,Numero dipendenti delle imprese attive (valori medi annui),Femmine,11621.52,11703.79,11450.77,12228.65,12791.54
ITF,Sud,Q,SANITÀ E ASSISTENZA SOCIALE,Numero dipendenti delle imprese attive (valori medi annui),Maschi,22721.9,23355.38,25343.66,27735.44,29805.46
ITF,Sud,Q,SANITÀ E ASSISTENZA SOCIALE,Numero dipendenti delle imprese attive (valori medi annui),Femmine,59649.7,63243.62,67536.06,73847.31,77688.72
ITF,Sud,58,ATTIVITÀ EDITORIALI,Numero lavoratori esterni delle imprese attive (valori medi annui),Maschi,112.31,111.86,90.85,23.12,26.08
ITF,Sud,58,ATTIVITÀ EDITORIALI,Numero lavoratori esterni delle imprese attive (valori medi annui),Femmine,103.78,67.79,50.2,20.04,27.86
ITF,Sud,68,ATTIVITÀ IMMOBILIARI,Numero lavoratori esterni delle imprese attive (valori medi annui),Maschi,468.5,354.24,273.31,253.18,245.99
ITF,Sud,68,ATTIVITÀ IMMOBILIARI,Numero lavoratori esterni delle imprese attive (valori medi annui),Femmine,313.52,197.22,157.71,131.05,126.41
ITF,Sud,69,ATTIVITÀ LEGALI E CONTABILITÀ,Numero lavoratori esterni delle imprese attive (valori medi annui),Maschi,202.73,137.28,99.04,63.7,66.64
ITF,Sud,69,ATTIVITÀ LEGALI E CONTABILITÀ,Numero lavoratori esterni delle imprese attive (valori medi annui),Femmine,310.88,178.91,103.9,47.91,51.07
ITF,Sud,72,RICERCA SCIENTIFICA E SVILUPPO,Numero lavoratori esterni delle imprese attive (valori medi annui),Maschi,501.17,462.39,437.46,150.83,93.03
ITF,Sud,72,RICERCA SCIENTIFICA E SVILUPPO,Numero lavoratori esterni delle imprese attive (valori medi annui),Femmine,319.77,324.38,265.52,82.7,60.81
ITF,Sud,85,ISTRUZIONE,Numero lavoratori esterni delle imprese attive (valori medi annui),Maschi,513.77,452.92,402.18,240.11,292.6
ITF,Sud,85,ISTRUZIONE,Numero lavoratori esterni delle imprese attive (valori medi annui),Femmine,1373.98,984.69,872.1,449.14,520.19
ITF,Sud,B,ESTRAZIONE DI MINERALI DA CAVE E MINIERE,Numero lavoratori esterni delle imprese attive (valori medi annui),Maschi,29.93,21.87,23.61,21.16,17.8
ITF,Sud,B,ESTRAZIONE DI MINERALI DA CAVE E MINIERE,Numero lavoratori esterni delle imprese attive (valori medi annui),Femmine,2.99,5.75,5.63,6.08,6.62
ITF,Sud,L,ATTIVITÀ IMMOBILIARI,Numero lavoratori esterni delle imprese attive (valori medi annui),Maschi,468.5,354.24,273.31,253.18,245.99
ITF,Sud,L,ATTIVITÀ IMMOBILIARI,Numero lavoratori esterni delle imprese attive (valori medi annui),Femmine,313.52,197.22,157.71,131.05,126.41
ITF,Sud,P,ISTRUZIONE,Numero lavoratori esterni delle imprese attive (valori medi annui),Maschi,513.77,452.92,402.18,240.11,292.6
ITF,Sud,P,ISTRUZIONE,Numero lavoratori esterni delle imprese attive (valori medi annui),Femmine,1373.98,984.69,872.1,449.14,520.19
ITF,Sud,Q,SANITÀ E ASSISTENZA SOCIALE,Numero lavoratori esterni delle imprese attive (valori medi annui),Maschi,1296.78,1060.5,945.5,496.71,497.59
ITF,Sud,Q,SANITÀ E ASSISTENZA SOCIALE,Numero lavoratori esterni delle imprese attive (valori medi annui),Femmine,3637.75,2800.7,2231.1,612.89,620.16
ITF,Sud,58,ATTIVITÀ EDITORIALI,Numero indipendenti delle imprese attive (valori medi annui),Maschi,395.82,396.21,304.95,333.6,329.95
ITF,Sud,58,ATTIVITÀ EDITORIALI,Numero indipendenti delle imprese attive (valori medi annui),Femmine,149.17,147.94,132.57,124.59,120.61
ITF,Sud,68,ATTIVITÀ IMMOBILIARI,Numero indipendenti delle imprese attive (valori medi annui),Maschi,10879.9,11793.47,11608.25,11998.69,12134.55
ITF,Sud,68,ATTIVITÀ IMMOBILIARI,Numero indipendenti delle imprese attive (valori medi annui),Femmine,4660.75,5076.84,5291.54,5513.99,5588.87
ITF,Sud,69,ATTIVITÀ LEGALI E CONTABILITÀ,Numero indipendenti delle imprese attive (valori medi annui),Maschi,50587.7,50446.01,50996.81,52047.57,52309.84
ITF,Sud,69,ATTIVITÀ LEGALI E CONTABILITÀ,Numero indipendenti delle imprese attive (valori medi annui),Femmine,22403.51,22124.07,23752.62,24733.72,25397.16
ITF,Sud,72,RICERCA SCIENTIFICA E SVILUPPO,Numero indipendenti delle imprese attive (valori medi annui),Maschi,689.36,521.43,553.24,551.58,581.94
ITF,Sud,72,RICERCA SCIENTIFICA E SVILUPPO,Numero indipendenti delle imprese attive (valori medi annui),Femmine,448.44,439.03,550.36,612.74,651.96
ITF,Sud,85,ISTRUZIONE,Numero indipendenti delle imprese attive (valori medi annui),Maschi,2662.09,2744.97,2730.21,2757.51,2912.88
ITF,Sud,85,ISTRUZIONE,Numero indipendenti delle imprese attive (valori medi annui),Femmine,2010.85,1983.52,1919.67,1907.51,2037.57
ITF,Sud,B,ESTRAZIONE DI MINERALI DA CAVE E MINIERE,Numero indipendenti delle imprese attive (valori medi annui),Maschi,406.14,384.73,375.77,353.13,348.48
ITF,Sud,B,ESTRAZIONE DI MINERALI DA CAVE E MINIERE,Numero indipendenti delle imprese attive (valori medi annui),Femmine,63.75,64.66,53.6,51.75,51.79
ITF,Sud,L,ATTIVITÀ IMMOBILIARI,Numero indipendenti delle imprese attive (valori medi annui),Maschi,10879.9,11793.47,11608.25,11998.69,12134.55
ITF,Sud,L,ATTIVITÀ IMMOBILIARI,Numero indipendenti delle imprese attive (valori medi annui),Femmine,4660.75,5076.84,5291.54,5513.99,5588.87
ITF,Sud,P,ISTRUZIONE,Numero indipendenti delle imprese attive (valori medi annui),Maschi,2662.09,2744.97,2730.21,2757.51,2912.88
ITF,Sud,P,ISTRUZIONE,Numero indipendenti delle imprese attive (valori medi annui),Femmine,2010.85,1983.52,1919.67,1907.51,2037.57
ITF,Sud,Q,SANITÀ E ASSISTENZA SOCIALE,Numero indipendenti delle imprese attive (valori medi annui),Maschi,29896.19,30589.73,31893.93,31984.86,32509.3
ITF,Sud,Q,SANITÀ E ASSISTENZA SOCIALE,Numero indipendenti delle imprese attive (valori medi annui),Femmine,16653.33,16586.24,19227.52,19612.41,20511.89
ITF,Sud,58,ATTIVITÀ EDITORIALI,Numero lavoratori temporanei delle imprese attive (valori medi annui),Maschi,0.84,2.09,0.1,0.45,0.79
ITF,Sud,58,ATTIVITÀ EDITORIALI,Numero lavoratori temporanei delle imprese attive (valori medi annui),Femmine,,0.23,0.12,0.12,0.1
ITF,Sud,68,ATTIVITÀ IMMOBILIARI,Numero lavoratori temporanei delle imprese attive (valori medi annui),Maschi,21.99,3.55,5.77,3.32,2.74
ITF,Sud,68,ATTIVITÀ IMMOBILIARI,Numero lavoratori temporanei delle imprese attive (valori medi annui),Femmine,30.13,7.9,7.08,3.26,2.64
ITF,Sud,69,ATTIVITÀ LEGALI E CONTABILITÀ,Numero lavoratori temporanei delle imprese attive (valori medi annui),Maschi,2.97,11.82,21.79,15.95,15.94
ITF,Sud,69,ATTIVITÀ LEGALI E CONTABILITÀ,Numero lavoratori temporanei delle imprese attive (valori medi annui),Femmine,11.93,33.83,50.88,43.13,43.76
ITF,Sud,72,RICERCA SCIENTIFICA E SVILUPPO,Numero lavoratori temporanei delle imprese attive (valori medi annui),Maschi,14.15,5.06,5.12,8.43,10.04
ITF,Sud,72,RICERCA SCIENTIFICA E SVILUPPO,Numero lavoratori temporanei delle imprese attive (valori medi annui),Femmine,4.03,4.54,2.75,5.25,5.2
ITF,Sud,85,ISTRUZIONE,Numero lavoratori temporanei delle imprese attive (valori medi annui),Maschi,1.13,5.14,12.68,7.28,5.14
ITF,Sud,85,ISTRUZIONE,Numero lavoratori temporanei delle imprese attive (valori medi annui),Femmine,4.9,8.63,21.91,22.49,13.39
ITF,Sud,B,ESTRAZIONE DI MINERALI DA CAVE E MINIERE,Numero lavoratori temporanei delle imprese attive (valori medi annui),Maschi,23.5,12.82,12.57,7.65,12.08
ITF,Sud,B,ESTRAZIONE DI MINERALI DA CAVE E MINIERE,Numero lavoratori temporanei delle imprese attive (valori medi annui),Femmine,6.81,2.62,,,0.38
ITF,Sud,L,ATTIVITÀ IMMOBILIARI,Numero lavoratori temporanei delle imprese attive (valori medi annui),Maschi,21.99,3.55,5.77,3.32,2.74
ITF,Sud,L,ATTIVITÀ IMMOBILIARI,Numero lavoratori temporanei delle imprese attive (valori medi annui),Femmine,30.13,7.9,7.08,3.26,2.64
ITF,Sud,P,ISTRUZIONE,Numero lavoratori temporanei delle imprese attive (valori medi annui),Maschi,1.13,5.14,12.68,7.28,5.14
ITF,Sud,P,ISTRUZIONE,Numero lavoratori temporanei delle imprese attive (valori medi annui),Femmine,4.9,8.63,21.91,22.49,13.39
ITF,Sud,Q,SANITÀ E ASSISTENZA SOCIALE,Numero lavoratori temporanei delle imprese attive (valori medi annui),Maschi,74.14,71.6,234.59,241.47,450.02
ITF,Sud,Q,SANITÀ E ASSISTENZA SOCIALE,Numero lavoratori temporanei delle imprese attive (valori medi annui),Femmine,213.25,248.01,307.19,530.25,543.84
ITG,Isole,58,ATTIVITÀ EDITORIALI,Numero dipendenti delle imprese attive (valori medi annui),Maschi,849.2,609.37,581.62,597.56,571.39
ITG,Isole,58,ATTIVITÀ EDITORIALI,Numero dipendenti delle imprese attive (valori medi annui),Femmine,387.99,295.74,317.9,321.98,306.16
ITG,Isole,68,ATTIVITÀ IMMOBILIARI,Numero dipendenti delle imprese attive (valori medi annui),Maschi,1449.61,1225.01,1328.08,1519.98,1685.86
ITG,Isole,68,ATTIVITÀ IMMOBILIARI,Numero dipendenti delle imprese attive (valori medi annui),Femmine,1616.69,1399.41,1378.4,1524.4,1675.65
ITG,Isole,69,ATTIVITÀ LEGALI E CONTABILITÀ,Numero dipendenti delle imprese attive (valori medi annui),Maschi,2226.36,2220.53,2242.52,2424.6,2409.47
ITG,Isole,69,ATTIVITÀ LEGALI E CONTABILITÀ,Numero dipendenti delle imprese attive (valori medi annui),Femmine,8100.99,8074.17,7936.38,8334.11,8197.3
ITG,Isole,72,RICERCA SCIENTIFICA E SVILUPPO,Numero dipendenti delle imprese attive (valori medi annui),Maschi,147.2,155.79,160.69,167.0,203.05
ITG,Isole,72,RICERCA SCIENTIFICA E SVILUPPO,Numero dipendenti delle imprese attive (valori medi annui),Femmine,143.54,165.54,152.31,155.26,173.02
ITG,Isole,85,ISTRUZIONE,Numero dipendenti delle imprese attive (valori medi annui),Maschi,1632.1,1853.54,1779.55,1915.6,2095.32
ITG,Isole,85,ISTRUZIONE,Numero dipendenti delle imprese attive (valori medi annui),Femmine,5588.28,5863.66,5244.81,5492.13,5836.84
ITG,Isole,B,ESTRAZIONE DI MINERALI DA CAVE E MINIERE,Numero dipendenti delle imprese attive (valori medi annui),Maschi,2923.36,2861.38,2305.38,2282.45,2179.99
ITG,Isole,B,ESTRAZIONE DI MINERALI DA CAVE E MINIERE,Numero dipendenti delle imprese attive (valori medi annui),Femmine,209.05,204.64,168.39,171.86,168.99
ITG,Isole,L,ATTIVITÀ IMMOBILIARI,Numero dipendenti delle imprese attive (valori medi annui),Maschi,1449.61,1225.01,1328.08,1519.98,1685.86
ITG,Isole,L,ATTIVITÀ IMMOBILIARI,Numero dipendenti delle imprese attive (valori medi annui),Femmine,1616.69,1399.41,1378.4,1524.4,1675.65
ITG,Isole,P,ISTRUZIONE,Numero dipendenti delle imprese attive (valori medi annui),Maschi,1632.1,1853.54,1779.55,1915.6,2095.32
ITG,Isole,P,ISTRUZIONE,Numero dipendenti delle imprese attive (valori medi annui),Femmine,5588.28,5863.66,5244.81,5492.13,5836.84
ITG,Isole,Q,SANITÀ E ASSISTENZA SOCIALE,Numero dipendenti delle imprese attive (valori medi annui),Maschi,13666.03,13841.14,14798.58,15736.48,16308.69
ITG,Isole,Q,SANITÀ E ASSISTENZA SOCIALE,Numero dipendenti delle imprese attive (valori medi annui),Femmine,37437.43,38109.81,40424.52,42400.08,42802.82
ITG,Isole,58,ATTIVITÀ EDITORIALI,Numero lavoratori esterni delle imprese attive (valori medi annui),Maschi,197.97,139.29,43.73,44.25,29.14
ITG,Isole,58,ATTIVITÀ EDITORIALI,Numero lavoratori esterni delle imprese attive (valori medi annui),Femmine,128.13,90.27,34.42,32.88,26.19
ITG,Isole,68,ATTIVITÀ IMMOBILIARI,Numero lavoratori esterni delle imprese attive (valori medi annui),Maschi,221.7,167.28,158.29,130.08,117.58
ITG,Isole,68,ATTIVITÀ IMMOBILIARI,Numero lavoratori esterni delle imprese attive (valori medi annui),Femmine,140.05,88.08,78.81,63.58,60.36
ITG,Isole,69,ATTIVITÀ LEGALI E CONTABILITÀ,Numero lavoratori esterni delle imprese attive (valori medi annui),Maschi,118.51,86.81,83.93,60.41,48.94
ITG,Isole,69,ATTIVITÀ LEGALI E CONTABILITÀ,Numero lavoratori esterni delle imprese attive (valori medi annui),Femmine,156.42,90.68,52.17,28.19,23.14
ITG,Isole,72,RICERCA SCIENTIFICA E SVILUPPO,Numero lavoratori esterni delle imprese attive (valori medi annui),Maschi,95.49,94.03,81.79,21.89,24.14
ITG,Isole,72,RICERCA SCIENTIFICA E SVILUPPO,Numero lavoratori esterni delle imprese attive (valori medi annui),Femmine,76.77,60.4,49.45,13.08,5.8
ITG,Isole,85,ISTRUZIONE,Numero lavoratori esterni delle imprese attive (valori medi annui),Maschi,493.0,437.86,322.35,195.91,221.59
ITG,Isole,85,ISTRUZIONE,Numero lavoratori esterni delle imprese attive (valori medi annui),Femmine,1065.46,844.13,617.57,333.86,366.52
ITG,Isole,B,ESTRAZIONE DI MINERALI DA CAVE E MINIERE,Numero lavoratori esterni delle imprese attive (valori medi annui),Maschi,45.99,51.62,42.33,38.19,37.5
ITG,Isole,B,ESTRAZIONE DI MINERALI DA CAVE E MINIERE,Numero lavoratori esterni delle imprese attive (valori medi annui),Femmine,5.33,6.83,6.67,7.0,7.85
ITG,Isole,L,ATTIVITÀ IMMOBILIARI,Numero lavoratori esterni delle imprese attive (valori medi annui),Maschi,221.7,167.28,158.29,130.08,117.58
ITG,Isole,L,ATTIVITÀ IMMOBILIARI,Numero lavoratori esterni delle imprese attive (valori medi annui),Femmine,140.05,88.08,78.81,63.58,60.36
ITG,Isole,P,ISTRUZIONE,Numero lavoratori esterni delle imprese attive (valori medi annui),Maschi,493.0,437.86,322.35,195.91,221.59
ITG,Isole,P,ISTRUZIONE,Numero lavoratori esterni delle imprese attive (valori medi annui),Femmine,1065.46,844.13,617.57,333.86,366.52
ITG,Isole,Q,SANITÀ E ASSISTENZA SOCIALE,Numero lavoratori esterni delle imprese attive (valori medi annui),Maschi,603.63,470.46,385.48,269.97,281.42
ITG,Isole,Q,SANITÀ E ASSISTENZA SOCIALE,Numero lavoratori esterni delle imprese attive (valori medi annui),Femmine,1725.18,1073.47,830.22,346.23,362.65
ITG,Isole,58,ATTIVITÀ EDITORIALI,Numero indipendenti delle imprese attive (valori medi annui),Maschi,177.14,162.9,128.22,127.42,130.43
ITG,Isole,58,ATTIVITÀ EDITORIALI,Numero indipendenti delle imprese attive (valori medi annui),Femmine,78.83,77.97,63.44,70.46,68.41
ITG,Isole,68,ATTIVITÀ IMMOBILIARI,Numero indipendenti delle imprese attive (valori medi annui),Maschi,4420.55,4896.75,4803.6,4980.57,5094.46
ITG,Isole,68,ATTIVITÀ IMMOBILIARI,Numero indipendenti delle imprese attive (valori medi annui),Femmine,2103.86,2245.36,2274.16,2391.39,2457.85
ITG,Isole,69,ATTIVITÀ LEGALI E CONTABILITÀ,Numero indipendenti delle imprese attive (valori medi annui),Maschi,18302.81,18363.82,18445.84,19037.63,19072.14
ITG,Isole,69,ATTIVITÀ LEGALI E CONTABILITÀ,Numero indipendenti delle imprese attive (valori medi annui),Femmine,9221.39,9218.25,10022.7,10779.81,11109.9
ITG,Isole,72,RICERCA SCIENTIFICA E SVILUPPO,Numero indipendenti delle imprese attive (valori medi annui),Maschi,400.88,305.12,258.25,269.54,273.33
ITG,Isole,72,RICERCA SCIENTIFICA E SVILUPPO,Numero indipendenti delle imprese attive (valori medi annui),Femmine,205.03,198.93,264.3,262.56,301.5
ITG,Isole,85,ISTRUZIONE,Numero indipendenti delle imprese attive (valori medi annui),Maschi,1173.85,1199.65,1250.33,1205.45,1248.41
ITG,Isole,85,ISTRUZIONE,Numero indipendenti delle imprese attive (valori medi annui),Femmine,890.7,870.47,917.61,877.28,900.44
ITG,Isole,B,ESTRAZIONE DI MINERALI DA CAVE E MINIERE,Numero indipendenti delle imprese attive (valori medi annui),Maschi,320.18,310.27,245.44,249.52,233.82
ITG,Isole,B,ESTRAZIONE DI MINERALI DA CAVE E MINIERE,Numero indipendenti delle imprese attive (valori medi annui),Femmine,49.0,54.11,50.0,43.8,38.78
ITG,Isole,L,ATTIVITÀ IMMOBILIARI,Numero indipendenti delle imprese attive (valori medi annui),Maschi,4420.55,4896.75,4803.6,4980.57,5094.46
ITG,Isole,L,ATTIVITÀ IMMOBILIARI,Numero indipendenti delle imprese attive (valori medi annui),Femmine,2103.86,2245.36,2274.16,2391.39,2457.85
ITG,Isole,P,ISTRUZIONE,Numero indipendenti delle imprese attive (valori medi annui),Maschi,1173.85,1199.65,1250.33,1205.45,1248.41
ITG,Isole,P,ISTRUZIONE,Numero indipendenti delle imprese attive (valori medi annui),Femmine,890.7,870.47,917.61,877.28,900.44
ITG,Isole,Q,SANITÀ E ASSISTENZA SOCIALE,Numero indipendenti delle imprese attive (valori medi annui),Maschi,14355.35,14560.14,15375.46,15643.27,15910.82
ITG,Isole,Q,SANITÀ E ASSISTENZA SOCIALE,Numero indipendenti delle imprese attive (valori medi annui),Femmine,9754.82,9662.42,11050.39,11425.25,12105.41
ITG,Isole,58,ATTIVITÀ EDITORIALI,Numero lavoratori temporanei delle imprese attive (valori medi annui),Maschi,3.18,0.49,,,
ITG,Isole,68,ATTIVITÀ IMMOBILIARI,Numero lavoratori temporanei delle imprese attive (valori medi annui),Maschi,5.1,1.81,0.62,1.26,1.19
ITG,Isole,68,ATTIVITÀ IMMOBILIARI,Numero lavoratori temporanei delle imprese attive (valori medi annui),Femmine,4.4,1.43,0.8,0.26,0.04
ITG,Isole,69,ATTIVITÀ LEGALI E CONTABILITÀ,Numero lavoratori temporanei delle imprese attive (valori medi annui),Maschi,6.22,7.81,5.81,3.81,4.43
ITG,Isole,69,ATTIVITÀ LEGALI E CONTABILITÀ,Numero lavoratori temporanei delle imprese attive (valori medi annui),Femmine,17.52,20.79,19.91,14.72,14.93
ITG,Isole,72,RICERCA SCIENTIFICA E SVILUPPO,Numero lavoratori temporanei delle imprese attive (valori medi annui),Maschi,,0.67,,,0.96
ITG,Isole,72,RICERCA SCIENTIFICA E SVILUPPO,Numero lavoratori temporanei delle imprese attive (valori medi annui),Femmine,1.0,1.28,0.13,,0.25
ITG,Isole,85,ISTRUZIONE,Numero lavoratori temporanei delle imprese attive (valori medi annui),Maschi,2.53,3.03,2.58,1.19,2.33
ITG,Isole,85,ISTRUZIONE,Numero lavoratori temporanei delle imprese attive (valori medi annui),Femmine,2.57,11.35,11.01,6.67,5.83
ITG,Isole,B,ESTRAZIONE DI MINERALI DA CAVE E MINIERE,Numero lavoratori temporanei delle imprese attive (valori medi annui),Maschi,7.86,11.94,2.79,5.91,6.44
ITG,Isole,B,ESTRAZIONE DI MINERALI DA CAVE E MINIERE,Numero lavoratori temporanei delle imprese attive (valori medi annui),Femmine,0.1,0.31,1.0,2.0,0.5
ITG,Isole,L,ATTIVITÀ IMMOBILIARI,Numero lavoratori temporanei delle imprese attive (valori medi annui),Maschi,5.1,1.81,0.62,1.26,1.19
ITG,Isole,L,ATTIVITÀ IMMOBILIARI,Numero lavoratori temporanei delle imprese attive (valori medi annui),Femmine,4.4,1.43,0.8,0.26,0.04
ITG,Isole,P,ISTRUZIONE,Numero lavoratori temporanei delle imprese attive (valori medi annui),Maschi,2.53,3.03,2.58,1.19,2.33
ITG,Isole,P,ISTRUZIONE,Numero lavoratori temporanei delle imprese attive (valori medi annui),Femmine,2.57,11.35,11.01,6.67,5.83
ITG,Isole,Q,SANITÀ E ASSISTENZA SOCIALE,Numero lavoratori temporanei delle imprese attive (valori medi annui),Maschi,21.28,26.62,46.41,41.83,22.88
ITG,Isole,Q,SANITÀ E ASSISTENZA SOCIALE,Numero lavoratori temporanei delle imprese attive (valori medi annui),Femmine,52.79,40.96,46.78,57.42,36.68
